<web:ReceiveOnlineBatchExternalAttachment xmlns:web="http://AltInn.no/webservices/" xmlns:soapenv="http://schemas.xmlsoap.org/soap/envelope/" xmlns:xsi="http://www.w3.org/2001/XMLSchema-instance" xmlns:xsd="http://www.w3.org/2001/XMLSchema" soapenv:encodingStyle="http://schemas.xmlsoap.org/soap/encoding/">
	<web:username xsi:type="xsd:string">Altinn</web:username>
	<web:passwd xsi:type="xsd:string">1234567</web:passwd>
	<web:receiversReference xsi:type="xsd:string">f5c7892e-e4ff-4820-98eb-38641fb983b3</web:receiversReference>
	<web:sequenceNumber xsi:type="xsd:long">0</web:sequenceNumber>
	<web:batch xsi:type="xsd:string">&lt;DataBatch schemaVersion=&quot;1.0&quot; batchReference=&quot;0&quot; previousReference=&quot;0&quot; receiverReference=&quot;f5c7892e-e4ff-4820-98eb-38641fb983b3&quot; timeStamp=&quot;2015-09-15T13:30:51&quot; formTasksInBatch=&quot;1&quot;&gt;&lt;DataUnits&gt;&lt;DataUnit reportee=&quot;03033140044&quot; archiveReference=&quot;AR98330&quot; archiveTimeStamp=&quot;2015-09-15T13:30:48.91&quot;&gt;&lt;Approvers&gt;&lt;Approver approverId=&quot;03033140044&quot; approvedTimeStamp=&quot;2015-09-15T13:30:48.833&quot; securityLevel=&quot;lessSensitive&quot; /&gt;&lt;/Approvers&gt;&lt;FormTask&gt;&lt;ServiceCode&gt;3903&lt;/ServiceCode&gt;&lt;ServiceEditionCode&gt;150512&lt;/ServiceEditionCode&gt;&lt;Form&gt;&lt;DataFormatId&gt;1243&lt;/DataFormatId&gt;&lt;DataFormatVersion&gt;10656&lt;/DataFormatVersion&gt;&lt;Reference&gt;39815&lt;/Reference&gt;&lt;ParentReference&gt;0&lt;/ParentReference&gt;&lt;FormData&gt;&lt;![CDATA[&lt;Skjema xmlns:xsi=&quot;http://www.w3.org/2001/XMLSchema-instance&quot; xmlns:brreg=&quot;http://www.brreg.no/or&quot; xmlns:dfs=&quot;http://schemas.microsoft.com/office/infopath/2003/dataFormSolution&quot; xmlns:tns=&quot;http://www.altinn.no/services/ServiceEngine/ServiceMetaData/2009/10&quot; xmlns:q1=&quot;http://schemas.altinn.no/services/ServiceEngine/ServiceMetaData/2009/10&quot; xmlns:ns1=&quot;http://www.altinn.no/services/Register/ER/2009/10&quot; xmlns:ns2=&quot;http://schemas.altinn.no/services/Register/2009/10&quot; xmlns:ns3=&quot;http://www.altinn.no/services/2009/10&quot; xmlns:q3=&quot;http://www.altinn.no/services/common/fault/2009/10&quot; xmlns:ns4=&quot;http://schemas.microsoft.com/2003/10/Serialization/&quot; xmlns:my=&quot;http://schemas.microsoft.com/office/infopath/2003/myXSD/2010-02-11T08:42:27&quot; xmlns:xd=&quot;http://schemas.microsoft.com/office/infopath/2003&quot; skjemanummer=&quot;1243&quot; spesifikasjonsnummer=&quot;10656&quot; blankettnummer=&quot;RF-1117&quot; tittel=&quot;Klage på likningen&quot; gruppeid=&quot;5800&quot; etatid=&quot;NoAgency&quot;&gt;&lt;Skattyterinfor-grp-5801 gruppeid=&quot;5801&quot;&gt;&lt;info-grp-5802 gruppeid=&quot;5802&quot;&gt;&lt;/info-grp-5802&gt;&lt;Kontakt-grp-5803 gruppeid=&quot;5803&quot;&gt;&lt;KontaktpersonEPost-datadef-27688 orid=&quot;27688&quot;&gt;xxx@yyy.no&lt;/KontaktpersonEPost-datadef-27688&gt;&lt;Samtykke_Skatt-datadef-30001&gt;2&lt;/Samtykke_Skatt-datadef-30001&gt;&lt;Samtykke_Folkeregister-datadef-30002&gt;2&lt;/Samtykke_Folkeregister-datadef-30002&gt;&lt;/Kontakt-grp-5803&gt;&lt;klagefrist-grp-5804 gruppeid=&quot;5804&quot;&gt;&lt;KlageGjeldendeInntektsar-datadef-25455 orid=&quot;25455&quot;&gt;2014&lt;/KlageGjeldendeInntektsar-datadef-25455&gt;&lt;KlagemeldingSendtInnenKlagefrist-datadef-25454 orid=&quot;25454&quot;&gt;Ja&lt;/KlagemeldingSendtInnenKlagefrist-datadef-25454&gt;&lt;/klagefrist-grp-5804&gt;&lt;/Skattyterinfor-grp-5801&gt;&lt;klage-grp-5805 gruppeid=&quot;5805&quot;&gt;&lt;spesifisering-grp-5836 gruppeid=&quot;5836&quot;&gt;&lt;KlageSpesifisering-datadef-25457 orid=&quot;25457&quot;&gt;3t5q5&lt;/KlageSpesifisering-datadef-25457&gt;&lt;/spesifisering-grp-5836&gt;&lt;/klage-grp-5805&gt;&lt;/Skjema&gt;]]&gt;&lt;/FormData&gt;&lt;/Form&gt;&lt;/FormTask&gt;&lt;/DataUnit&gt;&lt;/DataUnits&gt;&lt;/DataBatch&gt;</web:batch>
	<web:attachments/>
</web:ReceiveOnlineBatchExternalAttachment>